{"cameraMode":{"drawMode":0,"name":"Shaded","section":"Shading Mode"},"sceneLighting":false,"audioPlay":false,"sceneViewState":{"m_AlwaysRefresh":false,"showFog":true,"showSkybox":false,"showFlares":true,"showImageEffects":true,"showParticleSystems":true,"showVisualEffectGraphs":true,"m_FxEnabled":true},"in2DMode":false,"pivot":{"x":3.3966572284698488,"y":5.061672687530518,"z":2.874924421310425},"rotation":{"x":-0.040453944355249408,"y":0.6473603248596191,"z":0.032527580857276919,"w":0.760841429233551},"size":3.5764715671539308,"orthographic":false}