{"cameraMode":{"drawMode":0,"name":"Shaded","section":"Shading Mode"},"sceneLighting":true,"audioPlay":false,"sceneViewState":{"m_AlwaysRefresh":false,"showFog":true,"showSkybox":false,"showFlares":true,"showImageEffects":true,"showParticleSystems":true,"showVisualEffectGraphs":true,"m_FxEnabled":true},"in2DMode":false,"pivot":{"x":0.41906094551086428,"y":3.4812254905700685,"z":3.3411386013031008},"rotation":{"x":-0.017885664477944375,"y":-0.947470486164093,"z":0.3159347176551819,"w":-0.05070195719599724},"size":1.9381098747253419,"orthographic":false}