{"cameraMode":{"drawMode":0,"name":"Shaded","section":"Shading Mode"},"sceneLighting":true,"audioPlay":false,"sceneViewState":{"m_AlwaysRefresh":false,"showFog":true,"showSkybox":true,"showFlares":true,"showImageEffects":true,"showParticleSystems":true,"showVisualEffectGraphs":true,"m_FxEnabled":true},"in2DMode":false,"pivot":{"x":468.8318786621094,"y":216.68338012695313,"z":-28.68929100036621},"rotation":{"x":-0.022787364199757577,"y":0.9757892489433289,"z":-0.17817853391170503,"w":-0.12479391694068909},"size":383.7619934082031,"orthographic":false}