{"cameraMode":{"drawMode":0,"name":"Shaded","section":"Shading Mode"},"sceneLighting":true,"audioPlay":false,"sceneViewState":{"m_AlwaysRefresh":false,"showFog":true,"showSkybox":true,"showFlares":true,"showImageEffects":true,"showParticleSystems":true,"showVisualEffectGraphs":true,"m_FxEnabled":true},"in2DMode":false,"pivot":{"x":-11.439521789550782,"y":6.746224403381348,"z":-3.8678741455078127},"rotation":{"x":-0.01441047340631485,"y":-0.9692271947860718,"z":0.23766839504241944,"w":-0.0686027929186821},"size":10.767763137817383,"orthographic":false}