{"cameraMode":{"drawMode":0,"name":"Shaded","section":"Shading Mode"},"sceneLighting":false,"audioPlay":false,"sceneViewState":{"m_AlwaysRefresh":false,"showFog":true,"showSkybox":false,"showFlares":true,"showImageEffects":true,"showParticleSystems":true,"showVisualEffectGraphs":true,"m_FxEnabled":true},"in2DMode":false,"pivot":{"x":0.11399476230144501,"y":3.1305646896362306,"z":-3.919419765472412},"rotation":{"x":-0.22278425097465516,"y":-0.04985761269927025,"z":0.013805626891553402,"w":-0.9739046096801758},"size":1.2124353647232056,"orthographic":false}