{"cameraMode":{"drawMode":0,"name":"Shaded","section":"Shading Mode"},"sceneLighting":true,"audioPlay":false,"sceneViewState":{"m_AlwaysRefresh":false,"showFog":true,"showSkybox":false,"showFlares":true,"showImageEffects":true,"showParticleSystems":true,"showVisualEffectGraphs":true,"m_FxEnabled":true},"in2DMode":false,"pivot":{"x":-1.8377888202667237,"y":-3.151792049407959,"z":5.840785503387451},"rotation":{"x":-0.0008900671382434666,"y":-0.08535057306289673,"z":-0.00006374491931637749,"w":0.9964456558227539},"size":6.928203105926514,"orthographic":false}