{"cameraMode":{"drawMode":0,"name":"Shaded","section":"Shading Mode"},"sceneLighting":true,"audioPlay":false,"sceneViewState":{"m_AlwaysRefresh":false,"showFog":true,"showSkybox":false,"showFlares":true,"showImageEffects":true,"showParticleSystems":true,"showVisualEffectGraphs":true,"m_FxEnabled":true},"in2DMode":false,"pivot":{"x":3.081908941268921,"y":3.685227632522583,"z":4.037972450256348},"rotation":{"x":-0.01583171635866165,"y":-0.10039062052965164,"z":0.0015629470581188799,"w":-0.9949235916137695},"size":6.928203105926514,"orthographic":false}