{"cameraMode":{"drawMode":0,"name":"Shaded","section":"Shading Mode"},"sceneLighting":false,"audioPlay":false,"sceneViewState":{"m_AlwaysRefresh":false,"showFog":true,"showSkybox":false,"showFlares":true,"showImageEffects":true,"showParticleSystems":true,"showVisualEffectGraphs":true,"m_FxEnabled":true},"in2DMode":false,"pivot":{"x":0.10779547691345215,"y":5.903282165527344,"z":1.065356731414795},"rotation":{"x":0.2413201481103897,"y":-0.02075519971549511,"z":0.0021488049533218147,"w":0.9707029461860657},"size":10.325170516967774,"orthographic":false}