{"cameraMode":{"drawMode":0,"name":"Shaded","section":"Shading Mode"},"sceneLighting":true,"audioPlay":false,"sceneViewState":{"m_AlwaysRefresh":false,"showFog":true,"showSkybox":false,"showFlares":true,"showImageEffects":true,"showParticleSystems":true,"showVisualEffectGraphs":true,"m_FxEnabled":true},"in2DMode":false,"pivot":{"x":-0.6312236785888672,"y":3.4643962383270265,"z":0.16561317443847657},"rotation":{"x":-0.03282266855239868,"y":0.10723883658647537,"z":0.003352218773216009,"w":0.9937924146652222},"size":5.196152210235596,"orthographic":false}