{"cameraMode":{"drawMode":0,"name":"Shaded","section":"Shading Mode"},"sceneLighting":true,"audioPlay":false,"sceneViewState":{"m_AlwaysRefresh":false,"showFog":true,"showSkybox":false,"showFlares":true,"showImageEffects":true,"showParticleSystems":true,"showVisualEffectGraphs":true,"m_FxEnabled":true},"in2DMode":false,"pivot":{"x":-1.763494849205017,"y":1.6075706481933594,"z":3.789210319519043},"rotation":{"x":0.045531947165727618,"y":-0.052371006458997729,"z":0.0024270217400044204,"w":0.9976831674575806},"size":5.1961565017700199,"orthographic":false}