{"cameraMode":{"drawMode":0,"name":"Shaded","section":"Shading Mode"},"sceneLighting":true,"audioPlay":false,"sceneViewState":{"m_AlwaysRefresh":false,"showFog":true,"showSkybox":false,"showFlares":true,"showImageEffects":true,"showParticleSystems":true,"showVisualEffectGraphs":true,"m_FxEnabled":true},"in2DMode":false,"pivot":{"x":-4.384758949279785,"y":3.795957088470459,"z":3.4646167755126955},"rotation":{"x":0.021251900121569635,"y":0.055363304913043979,"z":0.0014043543487787247,"w":-0.9983733892440796},"size":5.196152210235596,"orthographic":false}