{"cameraMode":{"drawMode":0,"name":"Shaded","section":"Shading Mode"},"sceneLighting":false,"audioPlay":false,"sceneViewState":{"m_AlwaysRefresh":false,"showFog":true,"showSkybox":false,"showFlares":true,"showImageEffects":true,"showParticleSystems":true,"showVisualEffectGraphs":true,"m_FxEnabled":true},"in2DMode":false,"pivot":{"x":0.3333323299884796,"y":4.735288619995117,"z":3.4838523864746095},"rotation":{"x":0.00016365085321012884,"y":-0.9997319579124451,"z":0.02280730940401554,"w":0.006920386105775833},"size":9.612882614135743,"orthographic":false}