{"cameraMode":{"drawMode":0,"name":"Shaded","section":"Shading Mode"},"sceneLighting":false,"audioPlay":false,"sceneViewState":{"m_AlwaysRefresh":false,"showFog":true,"showSkybox":false,"showFlares":true,"showImageEffects":true,"showParticleSystems":true,"showVisualEffectGraphs":true,"m_FxEnabled":true},"in2DMode":false,"pivot":{"x":3.4313530921936037,"y":4.578792095184326,"z":1.3498597145080567},"rotation":{"x":-0.18829424679279328,"y":0.6212957501411438,"z":-0.15280458331108094,"w":-0.7457310557365418},"size":1.7320507764816285,"orthographic":false}