{"cameraMode":{"drawMode":0,"name":"Shaded","section":"Shading Mode"},"sceneLighting":true,"audioPlay":false,"sceneViewState":{"m_AlwaysRefresh":false,"showFog":true,"showSkybox":false,"showFlares":true,"showImageEffects":true,"showParticleSystems":true,"showVisualEffectGraphs":true,"m_FxEnabled":true},"in2DMode":false,"pivot":{"x":0.7150338292121887,"y":-0.8046131134033203,"z":6.577696800231934},"rotation":{"x":-0.1075020283460617,"y":-0.01022395770996809,"z":0.0012429826892912388,"w":-0.9942746162414551},"size":5.196152210235596,"orthographic":false}