{"cameraMode":{"drawMode":0,"name":"Shaded","section":"Shading Mode"},"sceneLighting":true,"audioPlay":false,"sceneViewState":{"m_AlwaysRefresh":false,"showFog":true,"showSkybox":false,"showFlares":true,"showImageEffects":true,"showParticleSystems":true,"showVisualEffectGraphs":true,"m_FxEnabled":true},"in2DMode":false,"pivot":{"x":-1.161071538925171,"y":2.487701892852783,"z":1.0820255279541016},"rotation":{"x":-0.09371894598007202,"y":0.08941669017076493,"z":-0.008210559375584126,"w":-0.9916768670082092},"size":5.196152210235596,"orthographic":false}